{
    "train_loss": 0.6878495038445316,
    "train_acc": 0.5554341036851967,
    "val_loss": 0.6569284534454346,
    "val_acc": 0.59125
}