{
    "train_loss": 0.7262424043580598,
    "train_acc": 0.5535602748282323,
    "val_loss": 0.6355367047446114,
    "val_acc": 0.64
}