{
    "train_loss": 0.6794712006749205,
    "train_acc": 0.5646470955652717,
    "val_loss": 0.6396696841716767,
    "val_acc": 0.62875
}